model,report_table,base_object,role,via,snapshot,grain_group_by
Act+Fcst by WNK & MILL Prod Resource,ActDemand,SupplyChain_Enh.ActualsCustItemWH_AFI,primary,sql,latest,ACT; Item SKU; Warehouse; CurReqWkEnding; Sales Type; Status; InsertedDate
Act+Fcst by WNK & MILL Prod Resource,ActDemand,Enterprise_DW.DimDate,joined,sql,latest,
Act+Fcst by WNK & MILL Prod Resource,ActDemand,SupplyChain_Enh.DemandInventorySnapshot,joined,sql,latest,
Act+Fcst by WNK & MILL Prod Resource,Fcast,SupplyChain_Enh.DemandForecastSnapshot,primary,sql,latest,FiscalMonthYear; FiscalMonthLastDate; DFC; dfcItem; dfcWarehouse; DD; NumWeeks; dtea
Act+Fcst by WNK & MILL Prod Resource,Fcast,Enterprise_DW.DimDate,joined,sql,latest,
Act+Fcst by WNK & MILL Prod Resource,Fcast,SupplyChain_Enh.DemandInventorySnapshot,joined,sql,latest,
Act+Fcst by WNK & MILL Prod Resource,ProdCapacity,Supplychain_History.ProductionCapacity,primary,sql,latest,PC; ResourceID; LocationID; DD; FiscalWeekLastDate; Snapshotdate
Act+Fcst by WNK & MILL Prod Resource,ProdCapacity,Enterprise_DW.DimDate,joined,sql,latest,
Act+Fcst by WNK & MILL Prod Resource,VendorShipped,Manufacturing_Inventory_WNK.IMHIST,primary,sql,latest,IMH; ITNBR; TCODE; PC; ProdResourceId; DD; FiscalWeekLastDate
Act+Fcst by WNK & MILL Prod Resource,VendorShipped,SupplyChain_Enh.ProductionConversion,joined,sql,latest,
Act+Fcst by WNK & MILL Prod Resource,VendorShipped,Enterprise_DW.DimDate,joined,sql,latest,
Act+Fcst by WNK & MILL Prod Resource,VendorShipped,Manufacturing_Inventory_MIL.IMHIST,joined,sql,latest,
Act+Fcst by WNK & MILL Prod Resource,z_ItemWHProdResource,SupplyChain_Enh.DemandInventorySnapshot,primary,sql,latest,
Act+Fcst by WNK & MILL Prod Resource,z_ItemWHProdResource,SupplyChain_Enh.ProductionConversion,joined,sql,latest,
Act+Fcst by WNK & MILL Prod Resource,z_ItemWHProdResource,Manufacturing_MasterData.BOMView,joined,sql,latest,
Act+Fcst by WNK & MILL Prod Resource,z_ItemWHProdResource,SupplyChain_Enh.DemandForecastSnapshot,joined,sql,latest,
Act+Fcst vs Manufacturing,ActDemand,SupplyChain_Enh.ActualsCustItemWH_AFI,primary,sql,latest,ACT; Item SKU; Warehouse; CurReqWkEnding; Sales Type; Status; InsertedDate
Act+Fcst vs Manufacturing,ActDemand,Enterprise_DW.DimDate,joined,sql,latest,
Act+Fcst vs Manufacturing,ActDemand,SupplyChain_Enh.DemandInventorySnapshot,joined,sql,latest,
Act+Fcst vs Manufacturing,Fcast,SupplyChain_Enh.DemandForecastSnapshot,primary,sql,latest,FiscalMonthYear; FiscalMonthLastDate; DFC; dfcItem; dfcWarehouse; DD; NumWeeks; dtea
Act+Fcst vs Manufacturing,Fcast,Enterprise_DW.DimDate,joined,sql,latest,
Act+Fcst vs Manufacturing,Fcast,SupplyChain_Enh.DemandInventorySnapshot,joined,sql,latest,
Act+Fcst vs Manufacturing,ProdCapacity,Supplychain_History.ProductionCapacity,primary,sql,latest,PC; ResourceID; LocationID; DD; FiscalWeekLastDate; Snapshotdate
Act+Fcst vs Manufacturing,ProdCapacity,Enterprise_DW.DimDate,joined,sql,latest,
Act+Fcst vs Manufacturing,VendorShipped,Manufacturing_Inventory_WNK.IMHIST,primary,sql,latest,IMH; ITNBR; TCODE; PC; ProdResourceId; DD; FiscalWeekLastDate
Act+Fcst vs Manufacturing,VendorShipped,SupplyChain_Enh.ProductionConversion,joined,sql,latest,
Act+Fcst vs Manufacturing,VendorShipped,Enterprise_DW.DimDate,joined,sql,latest,
Act+Fcst vs Manufacturing,VendorShipped,Manufacturing_Inventory_MIL.IMHIST,joined,sql,latest,
Act+Fcst vs Manufacturing,z_ItemWHProdResource,SupplyChain_Enh.DemandInventorySnapshot,primary,sql,latest,
Act+Fcst vs Manufacturing,z_ItemWHProdResource,SupplyChain_Enh.ProductionConversion,joined,sql,latest,
Act+Fcst vs Manufacturing,z_ItemWHProdResource,Manufacturing_MasterData.BOMView,joined,sql,latest,
Act+Fcst vs Manufacturing,z_ItemWHProdResource,SupplyChain_Enh.DemandForecastSnapshot,joined,sql,latest,
AFT_SI-SS_PSW,Current,SupplyChain_Enh.PSWWeeklyExtractSnapshot,primary,sql,latest,LOCATION; ETD DATE; VENDOR NAME; DATA TYPE; NEW ETD WEEKEND
AFT_SI-SS_PSW,Current,Wholesale_DemandPlanning_AFI.SupplyPlanDetail,joined,sql,latest,
AFT_SI-SS_PSW,Current,Wholesale_DemandPlanning_AFI.PlanDetailTimeline,joined,sql,latest,
AFT_SI-SS_PSW,Current,Enterprise_DW.DimDate,joined,sql,latest,
AFT_SI-SS_PSW,Current,Wholesale_ProductSourcing_AFI.PoDetail,joined,sql,latest,
AFT_SI-SS_PSW,Current,Wholesale_ProductSourcing_AFI.PoMaster,joined,sql,latest,
AFT_SI-SS_PSW,Current,Wholesale_ProductSourcing_WVF.PoDetail,joined,sql,latest,
AFT_SI-SS_PSW,Current,Wholesale_ProductSourcing_WVF.PoMaster,joined,sql,latest,
AFT_SI-SS_PSW,Current,Wholesale_Vendors_WNK.VendorPricing,joined,sql,latest,
AFT_SI-SS_PSW,Current,Wholesale_Purchasing_AFI.VENNAM,joined,sql,latest,
AFT_SI-SS_PSW,Current,Wholesale_Purchasing_MIL.VENNAM,joined,sql,latest,
AFT_SI-SS_PSW,Current,Wholesale_Purchasing_WNK.VENNAM,joined,sql,latest,
AFT_SI-SS_PSW,Current,Wholesale_Purchasing_WVF.VENNAM,joined,sql,latest,
AFT_SI-SS_PSW,Current,Wholesale_ProductSourcing_AFI.DeliveryTimes,joined,sql,latest,
AFT_SI-SS_PSW,DELIVERY TIME,Wholesale_Purchasing_AFI.VENNAM,primary,sql,none,
AFT_SI-SS_PSW,DELIVERY TIME,Wholesale_Purchasing_WVF.VENNAM,joined,sql,none,
AFT_SI-SS_PSW,DELIVERY TIME,Wholesale_Purchasing_MIL.VENNAM,joined,sql,none,
AFT_SI-SS_PSW,DELIVERY TIME,Wholesale_Purchasing_WNK.VENNAM,joined,sql,none,
AFT_SI-SS_PSW,DELIVERY TIME,Wholesale_ProductSourcing_AFI.DeliveryTimes,joined,sql,none,
AFT_SI-SS_PSW,Demand Fulfillment,PowerBI_SupplyChain.SupplyPlanDetailCurrentDay,primary,sql,none,
AFT_SI-SS_PSW,Demand Fulfillment,PowerBI_SupplyChain.ITPItemMaster,joined,sql,none,
AFT_SI-SS_PSW,Demand Fulfillment,PowerBI_SupplyChain.VendorMaster,joined,sql,none,
AFT_SI-SS_PSW,Demand Fulfillment,PowerBI_SupplyChain.FCC_LogilityCurrentDay,joined,sql,none,
AFT_SI-SS_PSW,Demand Fulfillment,Enterprise_DW.DimItemMaster,joined,sql,none,
AFT_SI-SS_PSW,Demand Fulfillment,PowerBI_SupplyChain.CurrentProductDetails,joined,sql,none,
AFT_SI-SS_PSW,Demand Fulfillment,Wholesale_DemandPlanning_AFI.SCP_FCST_ROOT,joined,sql,none,
AFT_SI-SS_PSW,Demand Fulfillment,SupplyChain_Enh.DemandInventorySnapshot,joined,sql,none,
AFT_SI-SS_PSW,Demand Fulfillment,SupplyChain_Enh.ProductionConversion,joined,sql,none,
AFT_SI-SS_PSW,DUE,Enterprise_DW.DimDate,primary,sql,none,
AFT_SI-SS_PSW,ETD,Enterprise_DW.DimDate,primary,sql,none,
AFT_SI-SS_PSW,Item Desc,Inventory_DW.DimItemMaster,primary,sql,none,
AFT_SI-SS_PSW,Item Desc,Enterprise_DW.DimItemMaster,joined,sql,none,
AFT_SI-SS_PSW,Item Desc,Wholesale_DemandPlanning_AFI.SCP_FCST_ROOT,joined,sql,none,
AFT_SI-SS_PSW,Item Desc,PowerBI_SupplyChain.AFIItemABCCurrentSnapshot,joined,sql,none,
AFT_SI-SS_PSW,Old Snap,SupplyChain_Enh.PSWWeeklyExtractSnapshot,primary,sql,latest,LOCATION; ETD DATE; VENDOR NAME; DATA TYPE; NEW ETD WEEKEND
AFT_SI-SS_PSW,Old Snap,Wholesale_DemandPlanning_AFI.SupplyPlanDetail,joined,sql,latest,
AFT_SI-SS_PSW,Old Snap,SupplyChain_Enh.PlanDetailTimelineSnapshot,joined,sql,latest,
AFT_SI-SS_PSW,Old Snap,Enterprise_DW.DimDate,joined,sql,latest,
AFT_SI-SS_PSW,Old Snap,Wholesale_ProductSourcing_AFI.PoDetail,joined,sql,latest,
AFT_SI-SS_PSW,Old Snap,Wholesale_ProductSourcing_AFI.PoMaster,joined,sql,latest,
AFT_SI-SS_PSW,Old Snap,Wholesale_ProductSourcing_WVF.PoDetail,joined,sql,latest,
AFT_SI-SS_PSW,Old Snap,Wholesale_ProductSourcing_WVF.PoMaster,joined,sql,latest,
AFT_SI-SS_PSW,Old Snap,Wholesale_Vendors_WNK.VendorPricing,joined,sql,latest,
AFT_SI-SS_PSW,Old Snap,Wholesale_Purchasing_AFI.VENNAM,joined,sql,latest,
AFT_SI-SS_PSW,Old Snap,Wholesale_Purchasing_MIL.VENNAM,joined,sql,latest,
AFT_SI-SS_PSW,Old Snap,Wholesale_Purchasing_WNK.VENNAM,joined,sql,latest,
AFT_SI-SS_PSW,Old Snap,Wholesale_Purchasing_WVF.VENNAM,joined,sql,latest,
AFT_SI-SS_PSW,Old Snap,Wholesale_ProductSourcing_AFI.DeliveryTimes,joined,sql,latest,
AFT_SI-SS_PSW,Past Week,SupplyChain_Enh.PSWWeeklyExtractSnapshot,primary,sql,latest,LOCATION; ETD DATE; VENDOR NAME; DATA TYPE; NEW ETD WEEKEND; ORDER ETD; SHIPPABLE INV; SAFETY STK
AFT_SI-SS_PSW,Past Week,Wholesale_DemandPlanning_AFI.SupplyPlanDetail,joined,sql,latest,
AFT_SI-SS_PSW,Past Week,SupplyChain_Enh.PlanDetailTimelineSnapshot,joined,sql,latest,
AFT_SI-SS_PSW,Past Week,Enterprise_DW.DimDate,joined,sql,latest,
AFT_SI-SS_PSW,Past Week,Wholesale_ProductSourcing_AFI.PoDetail,joined,sql,latest,
AFT_SI-SS_PSW,Past Week,Wholesale_ProductSourcing_AFI.PoMaster,joined,sql,latest,
AFT_SI-SS_PSW,Past Week,Wholesale_ProductSourcing_WVF.PoDetail,joined,sql,latest,
AFT_SI-SS_PSW,Past Week,Wholesale_ProductSourcing_WVF.PoMaster,joined,sql,latest,
AFT_SI-SS_PSW,Past Week,Wholesale_Vendors_WNK.VendorPricing,joined,sql,latest,
AFT_SI-SS_PSW,Past Week,Wholesale_Purchasing_AFI.VENNAM,joined,sql,latest,
AFT_SI-SS_PSW,Past Week,Wholesale_Purchasing_MIL.VENNAM,joined,sql,latest,
AFT_SI-SS_PSW,Past Week,Wholesale_Purchasing_WNK.VENNAM,joined,sql,latest,
AFT_SI-SS_PSW,Past Week,Wholesale_Purchasing_WVF.VENNAM,joined,sql,latest,
AFT_SI-SS_PSW,Past Week,Wholesale_ProductSourcing_AFI.DeliveryTimes,joined,sql,latest,
AFT_SI-SS_PSW,PO,SupplyChain_Enh.PSWWeeklyExtractSnapshot,primary,sql,latest,LOCATION; ETD DATE; VENDOR NAME
AFT_SI-SS_PSW,PO,Wholesale_DemandPlanning_AFI.SupplyPlanDetail,joined,sql,latest,
AFT_SI-SS_PSW,PO,Wholesale_DemandPlanning_AFI.PlanDetailTimeline,joined,sql,latest,
AFT_SI-SS_PSW,PO,Enterprise_DW.DimDate,joined,sql,latest,
AFT_SI-SS_PSW,PO,Wholesale_ProductSourcing_AFI.PoDetail,joined,sql,latest,
AFT_SI-SS_PSW,PO,Wholesale_ProductSourcing_AFI.PoMaster,joined,sql,latest,
AFT_SI-SS_PSW,PO,Wholesale_ProductSourcing_WVF.PoDetail,joined,sql,latest,
AFT_SI-SS_PSW,PO,Wholesale_ProductSourcing_WVF.PoMaster,joined,sql,latest,
AFT_SI-SS_PSW,PO,Wholesale_Vendors_WNK.VendorPricing,joined,sql,latest,
AFT_SI-SS_PSW,PO,Wholesale_Purchasing_AFI.VENNAM,joined,sql,latest,
AFT_SI-SS_PSW,PO,Wholesale_Purchasing_MIL.VENNAM,joined,sql,latest,
AFT_SI-SS_PSW,PO,Wholesale_Purchasing_WNK.VENNAM,joined,sql,latest,
AFT_SI-SS_PSW,PO,Wholesale_Purchasing_WVF.VENNAM,joined,sql,latest,
AFT_SI-SS_PSW,PO,Wholesale_ProductSourcing_AFI.DeliveryTimes,joined,sql,latest,
AFT_SI-SS_PSW,Product Filter,Manufacturing_MasterData.FlatBOM,primary,sql,none,
AFT_SI-SS_PSW,Product Filter,Manufacturing_MasterData_WNK.FlatBOM,joined,sql,none,
AFT_SI-SS_PSW,Product Filter,Manufacturing_MasterData_MIL.FlatBOM,joined,sql,none,
AFT_SI-SS_PSW,Vendor Split,Wholesale_Vendors_WNK.VendorPricing,primary,sql,none,
AFT_SI-SS_PSW,Vendor Split,Wholesale_Purchasing_AFI.VENNAM,joined,sql,none,
AFT_SI-SS_PSW,Vendor Split,Wholesale_Purchasing_MIL.VENNAM,joined,sql,none,
AFT_SI-SS_PSW,Vendor Split,Wholesale_Purchasing_WNK.VENNAM,joined,sql,none,
AFT_SI-SS_PSW,Vendor Split,Wholesale_Purchasing_WVF.VENNAM,joined,sql,none,
Amazon POS Sales and Forecast,AMZNFC,SupplyChain_Enh.AmazonCustomerForecast,primary,sql,latest,
Amazon POS Sales and Forecast,AMZNInv,SupplyChain_Enh.AmazonCustomerInventory,primary,sql,none,
Amazon POS Sales and Forecast,AMZNPOS,SupplyChain_Enh.AmazonCustomerPOS,primary,sql,none,
Amazon POS Sales and Forecast,AMZNWholesale,SupplyChain_Enh.ActualsCustItemWH_AFI,primary,sql,none,ACT; Item SKU; Warehouse; CurReqWkEnding; Sales Type; Status; InsertedDate
Amazon POS Sales and Forecast,AMZNWholesale,AFISales_DW.DimCustomers,joined,sql,none,
Amazon POS Sales and Forecast,AMZNWholesale,Enterprise_DW.DimDate,joined,sql,none,
Demand Review,Bedroom_Additional_Detail,Enterprise_DW.DimItemMaster,primary,sql,none,
Demand Review,Fcst_Average_Promo,SupplyChain_Enh.DemandForecastSnapshot,primary,sql,latest,dfs; dfcItem; dfcFiscalMonth; dfcCustomergroups; CPD; Import/Domestic Code; Collective Class; PR_HIST; dfcCustomerGroups; RH; CategoryMaster; Item Grouping
Demand Review,Fcst_Average_Promo,Enterprise_DW.DimDate,joined,sql,latest,
Demand Review,Fcst_Average_Promo,SupplyChain_DW.DimCurrentProductDetails,joined,sql,latest,
Demand Review,Fcst_Average_Promo,ResidentHome.ProductAttributeExt,joined,sql,latest,
Demand Review,Fcst_Container,Wholesale_SalesHistory_AFI.OrderHistory,primary,sql,none,id; ItemNumber; Customer Group; cpd; Collective Class; FiscalMonth; sf; SF; Account And ShipTo
Demand Review,Fcst_Container,Enterprise_DW.DimDate,joined,sql,none,
Demand Review,Fcst_Container,SupplyChain_DW.DimCurrentProductDetails,joined,sql,none,
Demand Review,Fcst_Container,PowerBI_SupplyChain.CustomerAcctMaster_AFI,joined,sql,none,
Demand Review,Fcst_Current_Published,SupplyChain_Enh.CurFcstSnapshotDaily,primary,sql,latest,
Demand Review,Fcst_Published_CurMonth_30d,SupplyChain_Enh.CurFcstSnapshotDaily,primary,sql,none,
Demand Review,Fcst_Published_CurMonth_30d,Enterprise_DW.DimDate,joined,sql,none,
Demand Review,Fcst_Snapshots,SupplyChain_Enh.DemandForecastSnapshot,primary,sql,latest,dfcItem; dfcWarehouse; FiscalMonthLastDate; dd; SnapshotDate; DfcCustomerGroups; SEAS_FCTR; SF_Estimate
Demand Review,Fcst_Snapshots,Enterprise_DW.DimDate_NonRetail,joined,sql,latest,
Demand Review,Fcst_Snapshots,SupplyChain_Enh.ForecastCommonContainer_Logility,joined,sql,latest,
Demand Review,Fcst_Snapshots,Wholesale_DemandPlanning_AFI.SeasonalitySnapshot,joined,sql,latest,
Demand Review,Fcst_Snapshots,SupplyChain_DW.DimCurrentProductDetails,joined,sql,latest,
Demand Review,Fcst_Snapshots,Enterprise_DW.DimItemMaster,joined,sql,latest,
Demand Review,ItWhAccy,SupplyChain_Enh.DemandForecastSnapshot,primary,sql,none,DFC; dfcItem; dfcWarehouse; dfcFiscalMonth; FTP; FiscalMonthLastDate; ForecastPeriod; SortFcstPer; dfcSnapshot; IAD; Item; Location
Demand Review,ItWhAccy,Enterprise_DW.dimDate_nonRetail,joined,sql,none,
Demand Review,ItWhAccy,SupplyChain_Enh.ItemActualDemand_Logility,joined,sql,none,
Demand Review,ItWhAccy,SupplyChain_Enh.ActualsCustItemWH_AFI,joined,sql,none,
Demand Review,ItWhAccy,Enterprise_DW.DimDate,joined,sql,none,
Demand Review,ItWhAccy,PowerBI_SupplyChain.CustomerAcctMaster_AFI,joined,sql,none,
Demand Review,Join,PowerBI_SupplyChain.CustomerAcctMaster_AFI,primary,sql,none,
Demand Review,Join,PowerBI_SupplyChain.CurrentProductDetails,joined,sql,none,
Demand Review,Join,ResidentHome.ProductAttributeExt,joined,sql,none,
Demand Review,Orders_Current_Month_Futo,SupplyChain_Enh.DemandForecastSnapshot,primary,sql,none,
Demand Review,Orders_Current_Month_Futo,Enterprise_DW.DimDate,joined,sql,none,
Demand Review,OrdHist,SupplyChain_Enh.ActualsCustItemWH_AFI,primary,sql,none,DC; Account Number; ACT; Item SKU; DD; FiscalMonthLastDate; Warehouse; MC; Qty In Box; sf; SEAS_FCTR; FiscalMonth
Demand Review,OrdHist,Enterprise_DW.DimDate_NonRetail,joined,sql,none,
Demand Review,OrdHist,PowerBI_SupplyChain.CustomerAcctMaster_AFI,joined,sql,none,
Demand Review,OrdHist,SupplyChain_DW.DimCurrentProductDetails,joined,sql,none,
Demand Review,OrdHist,MasterData_ItemMaster_AFI.ITMEXT,joined,sql,none,
Demand Review,OrdHist,Wholesale_DemandPlanning_AFI.SeasonalitySnapshot,joined,sql,none,
Demand Review,Placement_History,PowerBI_Wholesale.WeeklyPlacements,primary,sql,none,Account And ShipTo Number; Customer Group; PowerBI_SupplyChain; CustomerAcctMaster_AFI; Account Number; Item Sku; Week Ended
Demand Review,Placement_History,Enterprise_DW.DimDate_NonRetail,joined,sql,none,
Demand Review,Placement_History,PowerBI_SupplyChain.CustomerAcctMaster_AFI,joined,sql,none,
Demand Review,Placements_ABC,PowerBI_Wholesale.WeeklyPlacements,primary,sql,none,Account Number; Customer Group; Item Sku; ABC Account-Current Year
Demand Review,Placements_ABC,Enterprise_DW.DimDate_NonRetail,joined,sql,none,
Demand Review,Placements_ABC,PowerBI_SupplyChain.CustomerAcctMaster_AFI,joined,sql,none,
Demand Review,Sub-Categories,SupplyChain_DW.DimCurrentProductDetails,primary,sql,none,
Demand Review,Sub-Categories,ResidentHome.ProductAttributeExt,joined,sql,none,
Demand Review,SupplyPlanDetail,Wholesale_DemandPlanning_AFI.SupplyPlanDetail,primary,sql,none,
Demand Review,Week_2_ATP,SupplyChain_Enh.ATPWeekEnding,primary,sql,latest,ItemSKU; Warehouse
Demand Review,Week_2_ATP,Enterprise_DW.DimDate_NonRetail,joined,sql,latest,
Demand Review,Week_2_ATP,SupplyChain_DW.DimCurrentProductDetails,joined,sql,latest,
Demand Review,Week_2_ATP,SupplyChain_Enh.DemandForecastSnapshot,joined,sql,latest,
Demand Review,Week_2_ATP,Enterprise_DW.DimDate,joined,sql,latest,
Demand Review,z_drop_dates,PowerBI_SupplyChain.DemandFulfillmentCommonContainer_Logility,primary,sql,none,
DvC  - WanekMillenium,Current Product Detail,PowerBI_SupplyChain.CurrentProductDetails,primary,sql,none,
DvC  - WanekMillenium,Latest Update,DW_Developer.TableDictionary,primary,sql,none,
DvC  - WanekMillenium,Production Resource Master,SupplyChain_Enh.ProductionConversion,primary,sql,latest,
DvC  - WanekMillenium,PSW,SupplyChain_Enh.ForecastCommonContainer_Logility,primary,sql,latest,
DvC  - WanekMillenium,PSW,SupplyChain_Enh.ProductionConversion,joined,sql,latest,
DvC  - WanekMillenium,PSW,Wholesale_DemandPlanning_AFI.UnconstrainedPlannedRequirements,joined,sql,latest,
DvC  - WanekMillenium,PSW,Enterprise_DW.DimDate,joined,sql,latest,
DvC  - WanekMillenium,PSW,SupplyChain_Enh.PSWWeeklyExtractSnapshot,joined,sql,latest,
DvC  - WanekMillenium,PSW,Wholesale_DemandPlanning_AFI.PlanDetailTimeline,joined,sql,latest,
DvC  - WanekMillenium,PSW,PowerBI_SupplyChain.CurrentProductDetails,joined,sql,latest,
DvC  - WanekMillenium,PSW,MasterData_ItemMaster_AFI.ITBEXT,joined,sql,latest,
DvC  - WanekMillenium,SISS Timeline,Wholesale_DemandPlanning_AFI.SupplyPlanDetail,primary,sql,latest,
Forecast Accuracy (Cust_ItWh),CustItWHAccy,Enterprise_DW.dimDate_nonRetail,primary,sql,none,DFC; dfcItem; dfcWarehouse; dfcCustomerGroups; dfcFiscalMonth; FTP; FiscalMonthLastDate; ForecastPeriod; SortFcstPer; dfcSnapshot; IAD; Item
Forecast Accuracy (Cust_ItWh),CustItWHAccy,SupplyChain_Enh.DemandForecastSnapshot,joined,sql,none,
Forecast Accuracy (Cust_ItWh),CustItWHAccy,SupplyChain_Enh.ItemActualDemand_Logility,joined,sql,none,
Forecast Accuracy (Cust_ItWh),CustItWHAccy,SupplyChain_Enh.ActualsCustItemWH_AFI,joined,sql,none,
Forecast Accuracy (Cust_ItWh),CustItWHAccy,Enterprise_DW.DimDate,joined,sql,none,
Forecast Accuracy (Cust_ItWh),CustItWHAccy,PowerBI_SupplyChain.CustomerAcctMaster_AFI,joined,sql,none,
Forecast Accuracy (Cust_ItWh),Month End Status Snapshots,PowerBI_SupplyChain.DemandFulfillmentCommonContainer_Logility,primary,sql,none,
Forecast Accuracy (Cust_ItWh),Month End Status Snapshots,Enterprise_DW.DimDate,joined,sql,none,
Forecast Accuracy (Cust_ItWh),Month End Status Snapshots,PowerBI_SupplyChain.CurrentProductDetails,joined,sql,none,
Forecast Accuracy (Cust_ItWh),z_CustomerMaster_AFI,PowerBI_SupplyChain.CustomerAcctMaster_AFI,primary,sql,none,
Forecast Accuracy (ItWh),ItWHAccy,SupplyChain_Enh.DemandForecastSnapshot,primary,sql,none,DFC; dfcItem; dfcWarehouse; dfcFiscalMonth; FTP; FiscalMonthLastDate; ForecastPeriod; SortFcstPer; dfcSnapshot; IAD; Item; Location
Forecast Accuracy (ItWh),ItWHAccy,Enterprise_DW.dimDate_nonRetail,joined,sql,none,
Forecast Accuracy (ItWh),ItWHAccy,SupplyChain_Enh.ItemActualDemand_Logility,joined,sql,none,
Forecast Accuracy (ItWh),ItWHAccy,SupplyChain_Enh.ActualsCustItemWH_AFI,joined,sql,none,
Forecast Accuracy (ItWh),ItWHAccy,Enterprise_DW.DimDate,joined,sql,none,
Forecast Accuracy (ItWh),ItWHAccy,PowerBI_SupplyChain.CustomerAcctMaster_AFI,joined,sql,none,
Forecast Accuracy (ItWh),Month End Status Snapshots,PowerBI_SupplyChain.DemandFulfillmentCommonContainer_Logility,primary,sql,none,
Forecast Accuracy (ItWh),Month End Status Snapshots,Enterprise_DW.DimDate,joined,sql,none,
Forecast Accuracy (ItWh),Month End Status Snapshots,PowerBI_SupplyChain.CurrentProductDetails,joined,sql,none,
GF Act+Fcst,L1ACTD,SupplyChain_Enh.DemandForecastHistorySnapshot,primary,sql,latest,dfhItem; dfhWarehouse; FiscalMonthLastDate; dfhSnapshot
GF Act+Fcst,L1ACTD,Enterprise_DW.DimDate,joined,sql,latest,
GF Act+Fcst,L1Fcst,SupplyChain_Enh.DemandForecastSnapshot,primary,sql,latest,DFC; dfcCustomerGroups; dfcItem; dfcWarehouse; DD; FiscalMonthLastDate; dfcSnapshot
GF Act+Fcst,L1Fcst,Enterprise_DW.DimDate,joined,sql,latest,
GF Act+Fcst,OrderHist,SupplyChain_Enh.ActualsCustItemWH_AFI,primary,sql,none,DC; Customer Account Number; Reporting Business Type; ACT; Item SKU; Warehouse; DD; FiscalMonthLastDate; Sales Type; Status; InsertedDate
GF Act+Fcst,OrderHist,Enterprise_DW.DimDate,joined,sql,none,
GF Act+Fcst,OrderHist,AFISales_DW.DimCustomers,joined,sql,none,
GF Act+Fcst,OrderHist,SupplyChain_DW.DimCurrentProductDetails,joined,sql,none,
GF Act+Fcst,OrderHist,MasterData_ItemMaster_AFI.ITMEXT,joined,sql,none,
GF Act+Fcst,z_CustomerMaster_AFI,PowerBI_SupplyChain.CustomerAcctMaster_AFI,primary,sql,none,
Inv Management,Inv Age,Distribution_Warehouse_Wholesale.t_stored_item,primary,sql,none,Item-Lvl1
Inv Management,Inv Age,Distribution_Warehouse_Wholesale.t_location,joined,sql,none,
Inv Management,Inv Age,Distribution_Warehouse_Wholesale.t_item_master,joined,sql,none,
Inv Management,Inv Age,Distribution_Warehouse_Wholesale.TranLog,joined,sql,none,
Inv Management,Inv Age,PowerBI_SupplyChain.FCC_LogilityCurrentDay,joined,sql,none,
Inv Management,Inv Age,PowerBI_SupplyChain.CurrentProductDetails,joined,sql,none,
Inv Management,Inv Age,MasterData_ItemMaster_AFI.ITBEXT,joined,sql,none,
Inv Management,Inventory,Wholesale_DemandPlanning_AFI.SupplyPlanDetail,primary,sql,none,spdItem; Item; Vendor; ETD; Collective Class; Product Line; Responsible Office; AFI Finance Division; Current Status; Future Status; Item Code; HB
Inv Management,Inventory,Enterprise_DW.DimDate,joined,sql,none,
Inv Management,Inventory,SupplyChain_Enh.PSWWeeklyExtractSnapshot,joined,sql,none,
Inv Management,Inventory,PowerBI_SupplyChain.VendorMaster,joined,sql,none,
Inv Management,Inventory,SupplyChain_DW.DimCurrentProductDetails,joined,sql,none,
Inv Management,Inventory,PowerBI_SupplyChain.CurrentProductDetails,joined,sql,none,
Inv Management,Inventory,PowerBI_SupplyChain.FCC_LogilityCurrentDay,joined,sql,none,
Inv Management,Last Update - Inv Age,DW_Developer.TableDictionary,primary,sql,none,
Inv Management,Latest Update - Excess,DW_Developer.TableDictionary,primary,sql,none,
Inv Management,SI at US Warehouse,Wholesale_ProductSourcing_AFI.DeliveryTimes,primary,sql,latest,
Inv Management,SI at US Warehouse,Wholesale_DemandPlanning_AFI.SupplyPlanDetail,joined,sql,latest,
Inv Management,W2 SS Change,Wholesale_DemandPlanning_AFI.SupplyPlanDetail,primary,sql,none,
Inv Management,W2 SS Change,Enterprise_DW.DimDate,joined,sql,none,
Inventory Health,ATPInStock,SupplyChain_Enh.ATPWeekEnding,primary,sql,none,ItemNumber; ATP; ItemSKU; Warehouse; WeekEnding; LC; InitialDate
Inventory Health,ATPInStock,SupplyChain_DW.DimCurrentProductDetails,joined,sql,none,
Inventory Health,ATPInStock,Enterprise_DW.DimDate_NonRetail,joined,sql,none,
Inventory Health,ATPInStock,SupplyChain_Enh.DemandForecastSnapshot,joined,sql,none,
Inventory Health,ATPInStock,SupplyChain_Enh.DemandFulfillmentCommonContainer_Logility,joined,sql,none,
Inventory Health,ATPInStock,Wholesale_SalesHistory_AFI.InvoiceDetail,joined,sql,none,
Inventory Health,InvHealth,SupplyChain_Enh.DemandForecastSnapshot,primary,sql,none,FiscalMonthIndicator; FiscalMonthYear; CF; dfcItem; dfcWarehouse; dtea; ItemSku; Warehouse; SnapshotDate; dinItem; dinWarehouse; dinMakeBuyCode
Inventory Health,InvHealth,Enterprise_DW.DimDate,joined,sql,none,
Inventory Health,InvHealth,SupplyChain_Enh.CurFcstSnapshotWeekly,joined,sql,none,
Inventory Health,InvHealth,SupplyChain_Enh.DemandInventorySnapshot,joined,sql,none,
Inventory Health,InvHealth,Wholesale_SalesHistory_AFI.InvoiceDetail,joined,sql,none,
Inventory Health,InvHealth,Inventory_Enh_History.ItemBalance,joined,sql,none,
Inventory Health,InvHealth,SupplyChain_Enh.DemandFulfillmentCommonContainer_Logility,joined,sql,none,
Inventory Health,InvHealth,PowerBI_SupplyChain.CurrentProductDetails,joined,sql,none,
Inventory Health,InvHealth,MasterData_ItemMaster_AFI.ITEMASA,joined,sql,none,
Inventory Health,z_KitMkt,SupplyChain_DW.DimCurrentProductDetails,primary,sql,none,CPD; Item Ext Series Number
Inventory Health,z_KitMkt,SupplyChain_DW.dimCurrentProductDetails,joined,sql,none,
Inventory Transactions and Item Balance Detail,Inventory Transaction History,Inventory_Enh.InventoryTransactionsWeeklySummary,primary,sql,none,
Inventory Transactions and Item Balance Detail,Inventory Transaction History,Enterprise_DW.DimDate,joined,sql,none,
Inventory Transactions and Item Balance Detail,Inventory Transaction History,SupplyChain_DW.DimCurrentProductDetails,joined,sql,none,
Inventory Transactions and Item Balance Detail,Item Balance,Inventory_Enh_History.ItemBalance,primary,sql,none,
Inventory Transactions and Item Balance Detail,Item Balance,MasterData_ItemMaster_AFI.ITMEXT,joined,sql,none,
Inventory Transactions and Item Balance Detail,Item Balance,Enterprise_DW.DimDate,joined,sql,none,
JadeTeam Inventory Health,Inventory Health,Wholesale_DemandPlanning_AFI.SupplyPlanDetail,primary,sql,none,
JadeTeam Inventory Health,Inventory Health,AFISales_DW.DimItemMaster,joined,sql,none,
JadeTeam Inventory Health,Inventory Health,PowerBI_SupplyChain.ITPItemMaster,joined,sql,none,
JadeTeam Inventory Health,Inventory Health,SupplyChain_DW.DimCurrentProductDetails_DemandFulfillment,joined,sql,none,
On Time % by Customer,On Time (day),AFISales_Enh.OnTimeDeliveryDetail,primary,sql,none,Shipto AddressID; Customer Account Number; PowerBI_SupplyChain; CurrentProductDetails; Item SKU; otdItemNum; Enterprise_DW; DimDate; D; InvoiceDate; DD; DateID
On Time % by Customer,On Time (day),PowerBI_Wholesale.Customers,joined,sql,none,
On Time % by Customer,On Time (day),Ashley_Network_Model.facility,joined,sql,none,
On Time % by Customer,On Time (day),AFISales_DW.DimGeographicLocations,joined,sql,none,
On Time % by Customer,On Time (day),AFISales_DW.DimCustomers,joined,sql,none,
On Time % by Customer,On Time (day),PowerBI_SupplyChain.CurrentProductDetails,joined,sql,none,
On Time % by Customer,On Time (day),Enterprise_DW.DimDate,joined,sql,none,
On Time % by Customer,On Time (week),AFISales_Enh.OnTimeDeliveryDetail,primary,sql,none,Shipto AddressID; Customer Account Number; PowerBI_SupplyChain; CurrentProductDetails; Item SKU; otdItemNum; Enterprise_DW; DimDate; D; InvoiceDate; DD; DateID
On Time % by Customer,On Time (week),PowerBI_Wholesale.Customers,joined,sql,none,
On Time % by Customer,On Time (week),Ashley_Network_Model.facility,joined,sql,none,
On Time % by Customer,On Time (week),AFISales_DW.DimGeographicLocations,joined,sql,none,
On Time % by Customer,On Time (week),AFISales_DW.DimCustomers,joined,sql,none,
On Time % by Customer,On Time (week),PowerBI_SupplyChain.CurrentProductDetails,joined,sql,none,
On Time % by Customer,On Time (week),Enterprise_DW.DimDate,joined,sql,none,
On Time % by Customer,WH335OnTime,Wholesale_SalesHistory_AFI.InvoiceDetail,primary,sql,none,Shipto AddressID; Customer Account Number
On Time % by Customer,WH335OnTime,Enterprise_DW.DimDate,joined,sql,none,
On Time % by Customer,WH335OnTime,AFISales_DW.DimCustomers,joined,sql,none,
On Time % by Customer,WH335OnTime,AFISales_DW.FactShippedHistory,joined,sql,none,
On Time % by Customer,WH335OnTime,Ashley_Network_Model.facility,joined,sql,none,
On Time % by Customer,WH335OnTime,AFISales_DW.DimGeographicLocations,joined,sql,none,
Plan Drop 1,Query1,SupplyChain_Enh.ForecastCommonContainer_Logility,primary,sql,latest,
Plan Drop 1,Query1,SupplyChain_DW.DimCurrentProductDetails,joined,sql,latest,
Product Review (NEW),Actuals,Wholesale_SalesHistory_AFI.InvoiceDetail,primary,sql,none,DC; Account And ShipTo Number; CPD; Item SKU; ID; Warehouse; DD; FiscalWeekLastDate; OO
Product Review (NEW),Actuals,Enterprise_DW.DimDate,joined,sql,none,
Product Review (NEW),Actuals,SupplyChain_DW.DimCurrentProductDetails,joined,sql,none,
Product Review (NEW),Actuals,AFISales_DW.DimCustomers,joined,sql,none,
Product Review (NEW),Actuals,AFISales_DW.FactOpenOrders,joined,sql,none,
Product Review (NEW),Actuals,MasterData_ItemMaster_AFI.ITMEXT,joined,sql,none,
Product Review (NEW),AnnualCurFcst,SupplyChain_Enh.CurFcstSnapshotWeekly,primary,sql,none,dd; SnapshotDate; cfw; ItemSku; Warehouse
Product Review (NEW),AnnualCurFcst,Enterprise_DW.DimDate,joined,sql,none,
Product Review (NEW),AnnualWrkFcst_Snapshots,SupplyChain_Enh.ForecastCommonContainer_Logility,primary,sql,none,fcl; Item-Lvl1; Location; FileDate; DfcCustomergroupS
Product Review (NEW),AnnualWrkFcst_Snapshots,Enterprise_DW.DimDate,joined,sql,none,
Product Review (NEW),CustItAccy,SupplyChain_Enh.DemandForecastSnapshot,primary,sql,none,DFC; dfcItem; dfcWarehouse; dfcCustomerGroups; dfcFiscalMonth; FTP; FiscalMonthLastDate; ForecastPeriod; SortFcstPer; dfcSnapshot; IAD; Item
Product Review (NEW),CustItAccy,Enterprise_DW.dimDate_nonRetail,joined,sql,none,
Product Review (NEW),CustItAccy,SupplyChain_Enh.ItemActualDemand_Logility,joined,sql,none,
Product Review (NEW),CustItAccy,SupplyChain_Enh.ActualsCustItemWH_AFI,joined,sql,none,
Product Review (NEW),CustItAccy,Enterprise_DW.DimDate,joined,sql,none,
Product Review (NEW),CustItAccy,PowerBI_SupplyChain.CustomerAcctMaster_AFI,joined,sql,none,
Product Review (NEW),FC by Customer Group,SupplyChain_Enh.DemandForecastSnapshot,primary,sql,latest,DFC; dfcCustomerGroups; dfcItem; dfcWarehouse; DD; FiscalMonthLastDate; dtea; sf; SEAS_FCTR
Product Review (NEW),FC by Customer Group,Enterprise_DW.DimDate,joined,sql,latest,
Product Review (NEW),FC by Customer Group,Wholesale_DemandPlanning_AFI.SeasonalitySnapshot,joined,sql,latest,
Product Review (NEW),FC by Customer Group,SupplyChain_DW.DimCurrentProductDetails,joined,sql,latest,
Product Review (NEW),Hist Weekly FC,SupplyChain_Enh.DemandForecastSnapshot,primary,sql,none,
Product Review (NEW),Hist Weekly FC,Enterprise_DW.DimDate,joined,sql,none,
Product Review (NEW),Join,PowerBI_SupplyChain.CustomerAcctMaster_AFI,primary,sql,none,
Product Review (NEW),Join,PowerBI_SupplyChain.CurrentProductDetails,joined,sql,none,
Product Review (NEW),OrdHist,SupplyChain_Enh.ActualsCustItemWH_AFI,primary,sql,none,DC; Account Number; ACT; Item SKU; DD; FiscalMonthLastDate; Warehouse; MC; Qty In Box; sf; SEAS_FCTR
Product Review (NEW),OrdHist,Enterprise_DW.DimDate_NonRetail,joined,sql,none,
Product Review (NEW),OrdHist,PowerBI_SupplyChain.CustomerAcctMaster_AFI,joined,sql,none,
Product Review (NEW),OrdHist,SupplyChain_DW.DimCurrentProductDetails,joined,sql,none,
Product Review (NEW),OrdHist,MasterData_ItemMaster_AFI.ITMEXT,joined,sql,none,
Product Review (NEW),OrdHist,Wholesale_DemandPlanning_AFI.SeasonalitySnapshot,joined,sql,none,
Product Review (NEW),Placements ABC,PowerBI_Wholesale.WeeklyPlacements,primary,sql,none,Account Number; Customer Group; Item Sku; ABC Account-Current Year
Product Review (NEW),Placements ABC,Enterprise_DW.DimDate_NonRetail,joined,sql,none,
Product Review (NEW),Placements ABC,PowerBI_SupplyChain.CustomerAcctMaster_AFI,joined,sql,none,
Product Review (NEW),PlacementsOverTime,PowerBI_Wholesale.WeeklyPlacements,primary,sql,none,Account And ShipTo Number; Customer Group; PowerBI_SupplyChain; CustomerAcctMaster_AFI; Account Number; Item Sku; Week Ended
Product Review (NEW),PlacementsOverTime,Enterprise_DW.DimDate_NonRetail,joined,sql,none,
Product Review (NEW),PlacementsOverTime,PowerBI_SupplyChain.CustomerAcctMaster_AFI,joined,sql,none,
Product Review (NEW),SupplyPlanDetail,Wholesale_DemandPlanning_AFI.SupplyPlanDetail,primary,sql,none,
Product Review (NEW),Week_2_ATP,SupplyChain_Enh.ATPWeekEnding,primary,sql,latest,ItemSKU; Warehouse
Product Review (NEW),Week_2_ATP,Enterprise_DW.DimDate_NonRetail,joined,sql,latest,
Product Review (NEW),Week_2_ATP,SupplyChain_DW.DimCurrentProductDetails,joined,sql,latest,
Product Review (NEW),Week_2_ATP,SupplyChain_Enh.DemandForecastSnapshot,joined,sql,latest,
Product Review (NEW),Week_2_ATP,Enterprise_DW.DimDate,joined,sql,latest,
Product Review (NEW),WeeklyForecast,Wholesale_DemandPlanning_AFI.DemandForecast,primary,sql,latest,FiscalMonthYear; FiscalWeekLastDate; FiscalYear; FiscalMonth; DFC; DfcCustomerGroups; CPD; Item SKU; dfcWarehouse; DD; dtea
Product Review (NEW),WeeklyForecast,Enterprise_DW.DimDate,joined,sql,latest,
Product Review (NEW),WeeklyForecast,SupplyChain_DW.DimCurrentProductDetails,joined,sql,latest,
Production Capacity Vs Forecast,Forecast,SupplyChain_Enh.DemandInventorySnapshot,primary,sql,latest,M1; Item SKU; Warehouse; MBX; Source; ProdSource; FiscalMonthLastDate; FiscalMonthYear; M2; DD; FiscalWeekLastDate; Qty
Production Capacity Vs Forecast,Forecast,SupplyChain_DW.DimCurrentProductDetails,joined,sql,latest,
Production Capacity Vs Forecast,Forecast,Enterprise_DW.DimDate,joined,sql,latest,
Production Capacity Vs Forecast,Forecast,SupplyChain_Enh.DemandForecastSnapshot,joined,sql,latest,
Production Capacity Vs Forecast,Forecast,SupplyChain_Enh.ProductionResourcePlan,joined,sql,latest,
Production Capacity Vs Forecast,MOrds,Manufacturing_ProductionPlanning_AFI.MOMAST,primary,sql,none,MOM; FITEM; FITWH; DD; DateID
Production Capacity Vs Forecast,MOrds,Enterprise_DW.DimDate,joined,sql,none,
Production Capacity Vs Forecast,PlandSupply,SupplyChain_Enh.PlannedRequirementsLogility,primary,sql,latest,PRQ; prqItemSKU; prqVendorNum; prqDueDate; dtea; SPD; spdItem; spdWarehouse; spdWeekEnding
Production Capacity Vs Forecast,PlandSupply,SupplyChain_DW.DimCurrentProductDetails,joined,sql,latest,
Production Capacity Vs Forecast,PlandSupply,Wholesale_DemandPlanning_AFI.SupplyPlanDetail,joined,sql,latest,
Production Capacity Vs Forecast,POrds,PowerBI_SupplyChain.SCPPurchaseOrders_AFI,primary,sql,none,PO; ItemSKU; VendorNumber; DueDateWeekEnding
Production Capacity Vs Forecast,Receipts,Manufacturing_Inventory_AFI.IMHIST,primary,sql,none,IM; ITNBR; HOUSE; TCODE; DD; FiscalWeekLastDate; VNDNR
Production Capacity Vs Forecast,Receipts,Enterprise_DW.DimDate,joined,sql,none,
Production Capacity Vs Forecast,Receipts,MasterData_ItemMaster_AFI.ITMEXT,joined,sql,none,
Production Capacity Vs Forecast,z_ItLocPr,Wholesale_ProductSourcing_AFI.PoDetail,primary,sql,none,PRP; Item; Location
Production Capacity Vs Forecast,z_ItLocPr,SupplyChain_Enh.ProductionResourcePlan,joined,sql,none,
Production Capacity Vs Forecast,z_LocMaster,PowerBI_SupplyChain.VendorMaster,primary,sql,none,
Production Capacity Vs Forecast,z_LocMaster,SupplyChain_DW.DimAFIWarehouses,joined,sql,none,
Receipts,On-Order/In-Transit,PowerBI_SupplyChain.Receipts,primary,sql,none,
Receipts,Query1,PowerBI_SupplyChain.TotalReceipts,primary,sql,none,
Receipts,Query2,PowerBI_SupplyChain.PurReceipts,primary,sql,none,
Receipts,Query3,Wholesale_DemandPlanning_AFI.SupplyPlanDetail,primary,sql,none,
Rolling Report - Wanek Millen,Firm and Roll,SupplyChain_Enh.PSWWeeklyExtractSnapshot,primary,sql,latest,Item; Whse; Vendor; Series number; Collective Class; AFI Finance Division; Sellable Item Flag; Current Status; Future Status; ITDESC; VNAME; SPRunDate
Rolling Report - Wanek Millen,Firm and Roll,Enterprise_DW.DimDate,joined,sql,latest,
Rolling Report - Wanek Millen,Firm and Roll,PowerBI_SupplyChain.CurrentProductDetails,joined,sql,latest,
Rolling Report - Wanek Millen,Firm and Roll,Wholesale_ProductSourcing_AFI.PoAuditLog,joined,sql,latest,
Rolling Report - Wanek Millen,Firm and Roll,Wholesale_ProductSourcing_AFI.PoMaster,joined,sql,latest,
Rolling Report - Wanek Millen,Firm and Roll,Enterprise_DW.DimDate_NonRetail,joined,sql,latest,
Rolling Report - Wanek Millen,Firm and Roll,Wholesale_DemandPlanning_AFI.SupplyPlanDetail,joined,sql,latest,
Rolling Report - Wanek Millen,Firm and Roll,Supplychain_History.ARPDETAIL,joined,sql,latest,
Rolling Report - Wanek Millen,Firm and Roll,Wholesale_Quality_AFI.ARPHEADER,joined,sql,latest,
Rolling Report - Wanek Millen,Firm and Roll,SupplyChain_Enh.ProductionConversion,joined,sql,latest,
Rolling Report - Wanek Millen,Firm and Roll,MasterData_ItemMaster_AFI.ITMBL,joined,sql,latest,
Rolling Report - Wanek Millen,Late ASN,Wholesale_ProductSourcing_AFI.PoAuditLog,primary,sql,none,
Rolling Report - Wanek Millen,Late ASN,Wholesale_ProductSourcing_AFI.PoDetail,joined,sql,none,
Rolling Report - Wanek Millen,Late ASN,Enterprise_DW.DimDate,joined,sql,none,
Rolling Report - Wanek Millen,Latest Update,DW_Developer.TableDictionary,primary,sql,none,
Safety Stock Analysis,GFIO,SupplyChain_Enh.IOExportedItemOutputsSnapshot,primary,sql,latest,
Safety Stock Analysis,GFIO,SupplyChain_Enh.DemandInventorySnapshot,joined,sql,latest,
Safety Stock Analysis,InvGoal,SupplyChain_Enh.DemandForecastSnapshot,primary,sql,latest,DIN; dinItem; dinWarehouse; dtea; DFC; dfcItem; dfcWarehouse; RVB; STDUC; Inv; Goal Inv; InvSnapshot
Safety Stock Analysis,InvGoal,Enterprise_DW.DimDate,joined,sql,latest,
Safety Stock Analysis,InvGoal,SupplyChain_Enh.DemandInventorySnapshot,joined,sql,latest,
Safety Stock Analysis,InvGoal,PowerBI_SupplyChain.CurrentProductDetails,joined,sql,latest,
Safety Stock Analysis,InvGoal,MasterData_ItemMaster_AFI.ITMRVB,joined,sql,latest,
Safety Stock Analysis,InvHist,Wholesale_DemandPlanning_AFI.SupplyPlanDetail,primary,sql,latest,PRP; Item; Location; ProductionResource
Safety Stock Analysis,InvHist,SupplyChain_Enh.DemandInventorySnapshot,joined,sql,latest,
Safety Stock Analysis,InvHist,Enterprise_DW.DimDate,joined,sql,latest,
Safety Stock Analysis,InvHist,Wholesale_DemandPlanning_AFI.PlannedRequirementsLogility,joined,sql,latest,
Safety Stock Analysis,InvHist,SupplyChain_DW.DimCurrentProductDetails,joined,sql,latest,
Safety Stock Analysis,InvHist,SupplyChain_Enh.ProductionResourcePlan,joined,sql,latest,
Safety Stock Analysis,InvHist,MasterData_ItemMaster_AFI.ITBEXT,joined,sql,latest,
Safety Stock Analysis,InvTurns,Inventory_Enh_History.MonthEndItemRevision,primary,sql,none,FQC; Item SKU; IH; Warehouse; DD; FiscalWeekLastDate; FSH; Q; Quality; Returns; Shortage; Roll
Safety Stock Analysis,InvTurns,Enterprise_DW.DimDate,joined,sql,none,
Safety Stock Analysis,InvTurns,Enterprise_DW.DimItemMaster,joined,sql,none,
Safety Stock Analysis,InvTurns,AFISales_DW.FactShippedHistory,joined,sql,none,
Safety Stock Analysis,InvTurns,AFISales_DW.FactQualityCosts,joined,sql,none,
Safety Stock Analysis,InvTurns,Wholesale_SalesHistory_AFI.InvoiceHeader,joined,sql,none,
Safety Stock Analysis,InvTurns,Inventory_Enh_History.ItemBalance,joined,sql,none,
Safety Stock Analysis,InvTurns,PowerBI_SupplyChain.WarehouseMaster,joined,sql,none,
Safety Stock Analysis,z_CostDefault,MasterData_ItemMaster_AFI.ITEMASA,primary,sql,none,DFL; Item
Safety Stock Analysis,z_CostDefault,SupplyChain_DW.DimCurrentProductDetails,joined,sql,none,
Safety Stock Analysis,z_CostDefault,SupplyChain_Enh.DemandFulfillmentCommonContainer_Logility,joined,sql,none,
Safety Stock Analysis,z_ItemWHMaster,SupplyChain_Enh.DemandInventorySnapshot,primary,sql,latest,FCCL; Item-Lvl1; Location; FileDate
Safety Stock Analysis,z_ItemWHMaster,MasterData_ItemMaster_AFI.ITBEXT,joined,sql,latest,
Safety Stock Analysis,z_ItemWHMaster,SupplyChain_Enh.ForecastCommonContainer_Logility,joined,sql,latest,
Safety Stock Analysis,z_KitMkt,SupplyChain_DW.DimCurrentProductDetails,primary,sql,none,CPD; Item Ext Series Number
Safety Stock Analysis,z_KitMkt,SupplyChain_DW.dimCurrentProductDetails,joined,sql,none,
Safety Stock Analysis,z_MattKitType,Manufacturing_DW.DimBOMDetails,primary,sql,none,
Safety Stock Analysis,z_MattKitType,SupplyChain_DW.DimCurrentProductDetails,joined,sql,none,
Supplier On-Time Performance,ABC Coding by volume,PowerBI_SupplyChain.PSWContainersCurrentDay,primary,sql,none,
Supplier On-Time Performance,Ashton_PSW,SupplyChain_Enh.PSWWeeklyExtractSnapshot,primary,sql,none,
Supplier On-Time Performance,Ashton_PSW,PowerBI_SupplyChain.VendorMaster,joined,sql,none,
Supplier On-Time Performance,Ashton_PSW,PowerBI_SupplyChain.CurrentProductDetails,joined,sql,none,
Supplier On-Time Performance,DimDate,Enterprise_DW.DimDate,primary,sql,none,
Supplier On-Time Performance,Item Master,PowerBI_SupplyChain.CurrentProductDetails,primary,sql,none,
Supplier On-Time Performance,PSWHistoricalSnapshots,SupplyChain_Enh.PSWWeeklyExtractSnapshot,primary,sql,none,CPD; Item Ext Series Number; Item SKU; PowerBI_SupplyChain; CurrentProductDetails
Supplier On-Time Performance,PSWHistoricalSnapshots,Wholesale_Purchasing_AFI.VENNAM,joined,sql,none,
Supplier On-Time Performance,PSWHistoricalSnapshots,PowerBI_SupplyChain.CurrentProductDetails,joined,sql,none,
Supplier On-Time Performance,PSWHistoricalSnapshots,Manufacturing_MasterData_WNK.PSTBOMD,joined,sql,none,
Supplier On-Time Performance,QA Team,Wholesale_ProductSourcing_AFI.vendor,primary,sql,none,
Supply Plan Detail Accuracy,SPDsnapshots,Wholesale_DemandPlanning_AFI.SupplyPlanDetail,primary,sql,history,SPD; spdWeekEnding; SN; SnapshotLead; SnapshotSort
Supply Plan Detail Accuracy,SPDsnapshots,Enterprise_DW.DimDate,joined,sql,history,
Supply Plan Detail Accuracy,SPDsnapshots,Inventory_Enh.InventoryTransactionsWeeklySummary,joined,sql,history,
Supply Plan Detail,SupplyPlanDetail,Wholesale_DemandPlanning_AFI.SupplyPlanDetail,primary,m,latest,
Top Negatives,CurrentProductDetails,PowerBI_SupplyChain.CurrentProductDetails,primary,sql,none,
Top Negatives,PDT SI,SupplyChain_Enh.PlanDetailTimelineSnapshot,primary,sql,none,PTLITNBR; Week 1 Shippable Inventory; Week 8 Shippable Inventory
Top Negatives,SPD2,PowerBI_SupplyChain.TopNegatives,primary,sql,none,
Top Negatives,SPD2,PowerBI_SupplyChain.CurrentProductDetails,joined,sql,none,
Top Negatives,SPD2,PowerBI_SupplyChain.FCC_LogilityCurrentDay,joined,sql,none,
Top Negatives,Vendor,PowerBI_SupplyChain.TopNegatives_Vendor,primary,sql,none,
Weekly Trend Analysis,Actuals,Wholesale_SalesHistory_AFI.InvoiceDetail,primary,sql,none,DC; Account And ShipTo Number; CPD; Item SKU; ID; Warehouse; DD; FiscalWeekLastDate; OO
Weekly Trend Analysis,Actuals,Enterprise_DW.DimDate,joined,sql,none,
Weekly Trend Analysis,Actuals,SupplyChain_DW.DimCurrentProductDetails,joined,sql,none,
Weekly Trend Analysis,Actuals,AFISales_DW.DimCustomers,joined,sql,none,
Weekly Trend Analysis,Actuals,AFISales_DW.FactOpenOrders,joined,sql,none,
Weekly Trend Analysis,Actuals,MasterData_ItemMaster_AFI.ITMEXT,joined,sql,none,
Weekly Trend Analysis,FcstAccuracy,SupplyChain_Enh.DemandForecastSnapshot,primary,sql,history,
Weekly Trend Analysis,FcstAccuracy,Enterprise_DW.DimDate,joined,sql,history,
Weekly Trend Analysis,Forecast,Wholesale_DemandPlanning_AFI.DemandForecast,primary,sql,latest,FiscalMonthYear; FiscalWeekLastDate; FiscalYear; FiscalMonth; DFC; DfcCustomerGroups; CPD; Item SKU; dfcWarehouse; DD; dtea
Weekly Trend Analysis,Forecast,Enterprise_DW.DimDate,joined,sql,latest,
Weekly Trend Analysis,Forecast,SupplyChain_DW.DimCurrentProductDetails,joined,sql,latest,
Weekly Trend Analysis,FutOrd,SupplyChain_Enh.DemandForecastSnapshot,primary,sql,latest,
Weekly Trend Analysis,FutOrd,Enterprise_DW.DimDate,joined,sql,latest,
When to Disco v2,When to Disco,MasterData_ItemMaster_AFI.ITEMBL,primary,sql,latest,ITNBR; Item SKU; ItemSku; InventoryAllocatedFlag; Item Sku; Inventory Allocated Flag; HOUSE; Warehouse; spdItem; spdFirmProduction; Firm Production; dtea
When to Disco v2,When to Disco,Inventory_DW.FactPurchasingPurchaseOrders,joined,sql,latest,
When to Disco v2,When to Disco,MasterData_ProductKnowledge.Item_ENV,joined,sql,latest,
When to Disco v2,When to Disco,QUALITY_DW.FactOpenOrders,joined,sql,latest,
When to Disco v2,When to Disco,AFISales_DW.FactOpenOrders,joined,sql,latest,
When to Disco v2,When to Disco,SupplyChain_Enh.ActualsCustItemWH_AFI,joined,sql,latest,
When to Disco v2,When to Disco,Enterprise_DW.DimDate,joined,sql,latest,
When to Disco v2,When to Disco,Wholesale_DemandPlanning_AFI.SupplyPlanDetail,joined,sql,latest,
When to Disco v2,When to Disco,PowerBI_SupplyChain.CurrentProductDetails,joined,sql,latest,
